model,feature,native_importance,permutation_importance_mae
random_forest,square_feet,0.24140611840297196,162.99666441177934
random_forest,year_built,0.028332701712128993,48.177369917868496
random_forest,floor_count,0.05145369239050092,0.0
random_forest,air_temperature,0.00159583822703677,0.08254170391624172
random_forest,cloud_coverage,0.0014852285030905652,0.0
random_forest,dew_temperature,0.031102338360347127,-0.0075348881813255275
random_forest,precip_depth_1_hr,0.0012407667273175182,0.02946274367570112
random_forest,sea_level_pressure,0.001466646739764502,0.18255013277051546
random_forest,wind_direction,0.0005280991314615787,0.014111466275565476
random_forest,wind_speed,0.0004557615615781052,0.022844656947668796
random_forest,air_temperature_missing,1.9964350047243765e-07,0.0
random_forest,cloud_coverage_missing,0.00015232450007723227,0.025853667650196144
random_forest,dew_temperature_missing,4.5335257051067116e-07,0.0
random_forest,precip_depth_1_hr_missing,0.0020002985844105353,0.0
random_forest,sea_level_pressure_missing,0.0003764638078733585,0.016069235770750367
random_forest,wind_direction_missing,8.686536001852784e-06,0.0
random_forest,wind_speed_missing,1.1786080645737817e-06,0.0
random_forest,year,0.0,0.0
random_forest,quarter,7.51884775729577e-05,0.0
random_forest,month,0.0003548025021978404,0.0
random_forest,week_of_year,0.001856115436014635,0.0
random_forest,day,0.001308644101335896,0.009182490803105736
random_forest,day_of_year,0.019041062927653514,0.0
random_forest,weekday,0.005750354963946708,0.059817202030508554
random_forest,hour,0.0025586850665059047,1.7636398378242788
random_forest,is_weekend,0.0044134240547397735,0.0
random_forest,hour_sin,0.00273444211093544,0.46824293753852686
random_forest,hour_cos,0.016852398268015666,6.4541609961387465
random_forest,weekday_sin,0.0047361342656245965,0.2550987714681199
random_forest,weekday_cos,0.00030539816636197413,0.0
random_forest,month_sin,0.0005843028748427286,0.0
random_forest,month_cos,0.0005080115657789672,0.0
random_forest,building_age,0.03032015151054964,67.12243396415381
random_forest,log_square_feet,0.28281287919943016,182.7517113666166
random_forest,area_per_floor,0.14740669384839403,0.0
random_forest,temperature_difference,0.0012652890177377155,0.02175859931566748
random_forest,relative_humidity_proxy,0.000844410456457143,0.11903581619942116
random_forest,wind_x,0.001018048607274107,0.057252642516395724
random_forest,wind_y,0.0009310789327765141,-0.057307400744356585
random_forest,temperature_x_square_feet,0.00532102035587528,4.803549547082326
random_forest,hour_x_temperature,0.003126431097187498,4.858652780181757
random_forest,cooling_demand_proxy,0.0010158682057938963,0.12315808540661521
random_forest,heating_demand_proxy,0.001320295519173395,0.0
random_forest,primary_use_Education,0.030483548523306495,39.16022506311972
random_forest,primary_use_Entertainment/public assembly,0.01331189263237868,2.177897366020872
random_forest,primary_use_Food sales and service,5.124884716856353e-05,0.0
random_forest,primary_use_Healthcare,0.005144308287783979,0.0
random_forest,primary_use_Lodging/residential,0.004988338500357726,0.6712574009604708
random_forest,primary_use_Manufacturing/industrial,0.00017516947929002857,0.0
random_forest,primary_use_Office,0.011694185974284042,7.224936689900758
random_forest,primary_use_Other,0.003285102218267883,11.534503959399167
random_forest,primary_use_Parking,0.0226118370312384,80.58427592475662
random_forest,primary_use_Public services,0.003832327830335407,0.0
random_forest,primary_use_Religious worship,5.078272892256348e-07,0.0
random_forest,primary_use_Retail,0.0005984193714678646,-0.27575861220695685
random_forest,primary_use_Services,0.005016153093063433,0.0
random_forest,primary_use_Technology/science,4.9107442295758465e-05,0.0
random_forest,primary_use_Utility,0.00035553591735593696,0.0
random_forest,primary_use_Warehouse/storage,1.9396030314217908e-05,0.0
random_forest,season_spring,0.000160751074402729,0.0
random_forest,season_summer,8.715154662588105e-05,0.0
random_forest,season_winter,6.709005190121957e-05,0.0
hist_gradient_boosting,square_feet,,202.48142676433736
hist_gradient_boosting,year_built,,38.600235134872634
hist_gradient_boosting,floor_count,,0.0
hist_gradient_boosting,air_temperature,,0.059387616800094634
hist_gradient_boosting,cloud_coverage,,0.0
hist_gradient_boosting,dew_temperature,,0.03373933692992637
hist_gradient_boosting,precip_depth_1_hr,,0.2921964399012751
hist_gradient_boosting,sea_level_pressure,,-0.26514295502555285
hist_gradient_boosting,wind_direction,,0.00012037328737335429
hist_gradient_boosting,wind_speed,,-0.0012627072465392075
hist_gradient_boosting,air_temperature_missing,,0.0
hist_gradient_boosting,cloud_coverage_missing,,0.0
hist_gradient_boosting,dew_temperature_missing,,0.0
hist_gradient_boosting,precip_depth_1_hr_missing,,0.0
hist_gradient_boosting,sea_level_pressure_missing,,0.41133298142798935
hist_gradient_boosting,wind_direction_missing,,0.0
hist_gradient_boosting,wind_speed_missing,,0.0
hist_gradient_boosting,year,,0.0
hist_gradient_boosting,quarter,,0.0
hist_gradient_boosting,month,,0.0
hist_gradient_boosting,week_of_year,,0.0
hist_gradient_boosting,day,,0.0
hist_gradient_boosting,day_of_year,,0.0
hist_gradient_boosting,weekday,,0.0
hist_gradient_boosting,hour,,3.4140638889587507
hist_gradient_boosting,is_weekend,,0.0
hist_gradient_boosting,hour_sin,,0.08286477391938263
hist_gradient_boosting,hour_cos,,1.4866752908379652
hist_gradient_boosting,weekday_sin,,0.011211156892372287
hist_gradient_boosting,weekday_cos,,0.0
hist_gradient_boosting,month_sin,,0.0
hist_gradient_boosting,month_cos,,0.0
hist_gradient_boosting,building_age,,56.592709650861465
hist_gradient_boosting,log_square_feet,,0.0
hist_gradient_boosting,area_per_floor,,0.0
hist_gradient_boosting,temperature_difference,,-0.013988641455284778
hist_gradient_boosting,relative_humidity_proxy,,-0.08124942029022009
hist_gradient_boosting,wind_x,,-0.02525788006370533
hist_gradient_boosting,wind_y,,-0.05377048648446703
hist_gradient_boosting,temperature_x_square_feet,,2.235183610627942
hist_gradient_boosting,hour_x_temperature,,-0.009001256559017179
hist_gradient_boosting,cooling_demand_proxy,,0.06550817146387544
hist_gradient_boosting,heating_demand_proxy,,0.0
hist_gradient_boosting,primary_use_Education,,5.322651305536908
hist_gradient_boosting,primary_use_Entertainment/public assembly,,0.6662929534099646
hist_gradient_boosting,primary_use_Food sales and service,,0.0
hist_gradient_boosting,primary_use_Healthcare,,0.0
hist_gradient_boosting,primary_use_Lodging/residential,,0.966385122579652
hist_gradient_boosting,primary_use_Manufacturing/industrial,,0.0
hist_gradient_boosting,primary_use_Office,,2.6266499329478137
hist_gradient_boosting,primary_use_Other,,7.874907591361463
hist_gradient_boosting,primary_use_Parking,,51.45334206741123
hist_gradient_boosting,primary_use_Public services,,0.0
hist_gradient_boosting,primary_use_Religious worship,,0.0
hist_gradient_boosting,primary_use_Retail,,-0.13083352678839333
hist_gradient_boosting,primary_use_Services,,0.0
hist_gradient_boosting,primary_use_Technology/science,,0.0
hist_gradient_boosting,primary_use_Utility,,0.0
hist_gradient_boosting,primary_use_Warehouse/storage,,0.0
hist_gradient_boosting,season_spring,,0.0
hist_gradient_boosting,season_summer,,0.0
hist_gradient_boosting,season_winter,,0.0
